{
  "BLEU": {
    "bleu": 0.004546983559537696,
    "precisions": [
      0.27613052223794976,
      0.04350666820400476,
      0.01405208002540489,
      0.005540734660373486
    ],
    "brevity_penalty": 0.14621059085060795,
    "length_ratio": 0.3421485286058397,
    "translation_length": 26846,
    "reference_length": 78463
  },
  "BERTScore": {
    "precision": 0.5618751465607756,
    "recall": 0.5529130566329621,
    "f1": 0.5572257090014772
  }
}