{
  "overall_metrics": {
    "BLEU": {
      "bleu": 0.00572386413763974,
      "precisions": [
        0.22130376535644045,
        0.019057083564726858,
        0.003359025882494077,
        0.001047023681212084
      ],
      "brevity_penalty": 0.5186633283425086,
      "length_ratio": 0.6036823539533683,
      "translation_length": 35083,
      "reference_length": 58115
    },
    "ROUGE": {
      "rouge1": 0.13925898492302022,
      "rouge2": 0.012964231401668209,
      "rougeL": 0.09640792794034966,
      "rougeLsum": 0.09634306774568918
    },
    "BERTScore": {
      "precision": 0.8368247378831623,
      "recall": 0.8353553967914362,
      "f1": 0.8359080614029676
    }
  },
  "per_perspective_metrics": {
    "EXPERIENCE": {
      "BLEU": {
        "bleu": 0.0042046397516686705,
        "precisions": [
          0.20471667212577793,
          0.013774567444985722,
          0.0015517241379310344,
          0.0005312555339118116
        ],
        "brevity_penalty": 0.605538137172533,
        "length_ratio": 0.6659395790162504,
        "translation_length": 6106,
        "reference_length": 9169
      },
      "ROUGE": {
        "rouge1": 0.12762653974214627,
        "rouge2": 0.007980483679293996,
        "rougeL": 0.08558408727314913,
        "rougeLsum": 0.08557363258108282
      },
      "BERTScore": {
        "precision": 0.8357829077571046,
        "recall": 0.8307449139800727,
        "f1": 0.8331567080192317
      }
    },
    "INFORMATION": {
      "BLEU": {
        "bleu": 0.004837285448277948,
        "precisions": [
          0.25844024307900065,
          0.026318067699766252,
          0.004976008530300338,
          0.0016427854339691522
        ],
        "brevity_penalty": 0.31501605670402905,
        "length_ratio": 0.46400877261690293,
        "translation_length": 11848,
        "reference_length": 25534
      },
      "ROUGE": {
        "rouge1": 0.1391480021853868,
        "rouge2": 0.013933750223343401,
        "rougeL": 0.09419775284280815,
        "rougeLsum": 0.09433685519081575
      },
      "BERTScore": {
        "precision": 0.8359891700022148,
        "recall": 0.8278824803403733,
        "f1": 0.8317635514920809
      }
    },
    "CAUSE": {
      "BLEU": {
        "bleu": 0.005301145819434929,
        "precisions": [
          0.1544055944055944,
          0.011477761836441894,
          0.0014727540500736377,
          0.000302571860816944
        ],
        "brevity_penalty": 1.0,
        "length_ratio": 1.2413194444444444,
        "translation_length": 3575,
        "reference_length": 2880
      },
      "ROUGE": {
        "rouge1": 0.14132185633206296,
        "rouge2": 0.01671015550562858,
        "rougeL": 0.10380828341798898,
        "rougeLsum": 0.10384779100554659
      },
      "BERTScore": {
        "precision": 0.8351364639070299,
        "recall": 0.8515450358390808,
        "f1": 0.8430495897928874
      }
    },
    "SUGGESTION": {
      "BLEU": {
        "bleu": 0.005667623735631381,
        "precisions": [
          0.24879316747122168,
          0.02085118537560697,
          0.0040062536642564,
          0.0012042147516307074
        ],
        "brevity_penalty": 0.45060718671735217,
        "length_ratio": 0.5564337000878145,
        "translation_length": 10772,
        "reference_length": 19359
      },
      "ROUGE": {
        "rouge1": 0.15399772969192504,
        "rouge2": 0.015542939999858514,
        "rougeL": 0.10693544181942319,
        "rougeLsum": 0.10669686697201411
      },
      "BERTScore": {
        "precision": 0.8418972323818278,
        "recall": 0.8379960478903192,
        "f1": 0.8397702031862337
      }
    },
    "QUESTION": {
      "BLEU": {
        "bleu": 0.0,
        "precisions": [
          0.07907979870596693,
          0.0025725836089672913,
          0.00037593984962406017,
          0.0
        ],
        "brevity_penalty": 1.0,
        "length_ratio": 2.371696504688832,
        "translation_length": 2782,
        "reference_length": 1173
      },
      "ROUGE": {
        "rouge1": 0.1016546022347988,
        "rouge2": 0.002676806512497305,
        "rougeL": 0.07630499070998861,
        "rougeLsum": 0.07617936121594601
      },
      "BERTScore": {
        "precision": 0.8236281432089259,
        "recall": 0.8477727282242696,
        "f1": 0.8354199137844023
      }
    }
  }
}