{
  "overall_metrics": {
    "BLEU": {
      "bleu": 0.010730209377832114,
      "precisions": [
        0.247221352536005,
        0.04493152904950976,
        0.018982025869309593,
        0.01028681021706913
      ],
      "brevity_penalty": 0.27960380692612513,
      "length_ratio": 0.4396799449367633,
      "translation_length": 25552,
      "reference_length": 58115
    },
    "BERTScore": {
      "precision": 0.8474709800605116,
      "recall": 0.8327492527578069,
      "f1": 0.839778229559975
    }
  },
  "per_perspective_metrics": {
    "EXPERIENCE": {
      "BLEU": {
        "bleu": 0.01310938000805815,
        "precisions": [
          0.2558674643350207,
          0.04626758883854042,
          0.019554455445544554,
          0.010805248263442244
        ],
        "brevity_penalty": 0.32963935111286224,
        "length_ratio": 0.47398843930635837,
        "translation_length": 4346,
        "reference_length": 9169
      },
      "BERTScore": {
        "precision": 0.8490821477634455,
        "recall": 0.834266961010453,
        "f1": 0.8414119770324308
      }
    },
    "INFORMATION": {
      "BLEU": {
        "bleu": 0.006612477970178117,
        "precisions": [
          0.3117045170950836,
          0.0666061941168848,
          0.030727762803234502,
          0.018812298188965324
        ],
        "brevity_penalty": 0.11234574035211022,
        "length_ratio": 0.3138560350904676,
        "translation_length": 8014,
        "reference_length": 25534
      },
      "BERTScore": {
        "precision": 0.8477993513197208,
        "recall": 0.8227505637740447,
        "f1": 0.8348375944176105
      }
    },
    "CAUSE": {
      "BLEU": {
        "bleu": 0.01920836759208829,
        "precisions": [
          0.17467093561010316,
          0.024990812201396546,
          0.008741923223109084,
          0.003935458480913027
        ],
        "brevity_penalty": 0.9757523887965475,
        "length_ratio": 0.9760416666666667,
        "translation_length": 2811,
        "reference_length": 2880
      },
      "BERTScore": {
        "precision": 0.8444969051414066,
        "recall": 0.8505337542957729,
        "f1": 0.8472493370374043
      }
    },
    "SUGGESTION": {
      "BLEU": {
        "bleu": 0.007267028474198117,
        "precisions": [
          0.25815396804436813,
          0.043674698795180725,
          0.01691542288557214,
          0.0073898906296186815
        ],
        "brevity_penalty": 0.21091111294350454,
        "length_ratio": 0.3911875613409784,
        "translation_length": 7573,
        "reference_length": 19359
      },
      "BERTScore": {
        "precision": 0.8511765783161036,
        "recall": 0.8325924831252116,
        "f1": 0.8415841001560254
      }
    },
    "QUESTION": {
      "BLEU": {
        "bleu": 0.0,
        "precisions": [
          0.09294871794871795,
          0.005096468875136513,
          0.0011169024571854058,
          0.0
        ],
        "brevity_penalty": 1.0,
        "length_ratio": 2.39386189258312,
        "translation_length": 2808,
        "reference_length": 1173
      },
      "BERTScore": {
        "precision": 0.8298779589230897,
        "recall": 0.8520765627016786,
        "f1": 0.8407491513940154
      }
    }
  }
}